#id	gender	age	country	registered
user_000001	m		Japan	Aug 13, 2006
user_000002	f		Peru	Feb 24, 2006
user_000003	m	22	United States	Oct 30, 2005
user_000004	f			Apr 26, 2006
user_000005	m		Bulgaria	Jun 29, 2006
user_000006		24	Russian Federation	May 18, 2006
user_000007	f		United States	Jan 22, 2006
user_000008	m	23	Slovakia	Sep 28, 2006
user_000009	f	19	United States	Jan 13, 2007
user_000010	m	19	Poland	May 4, 2006
user_000011	m	21	Finland	Sep 8, 2005
user_000012	f	28	United States	Mar 30, 2005
user_000013	f	25	Romania	Sep 25, 2006
user_000014				Jan 27, 2006
user_000015		21	Cote D'Ivoire	Oct 3, 2006
user_000016	m		United Kingdom	Aug 5, 2005
user_000017	m	22	Morocco	Aug 27, 2007
user_000018		22	United Kingdom	Aug 26, 2005
user_000019	f	29	Mexico	Nov 10, 2005
user_000020	f	27	Germany	Jul 24, 2006
user_000021	m	27	Canada	Mar 16, 2005
user_000022	m	38	United Kingdom	May 14, 2006
user_000023	f		Germany	Aug 15, 2006
user_000024	f	25	United States	Oct 3, 2004
user_000025		19	Sweden	Nov 10, 2005
user_000026	m	22	Turkey	Dec 21, 2005
user_000027	m	24	United States	Jul 25, 2005
user_000028	m	20	United Kingdom	Nov 19, 2005
user_000029	m		United States	Feb 13, 2006
user_000030				
user_000031		38	United States	Aug 3, 2006
user_000032	m	23	Italy	Feb 28, 2005
user_000033	f	20	Poland	Dec 23, 2005
user_000034	f	35	Brazil	Sep 15, 2005
user_000035	m	22	Australia	Mar 7, 2005
user_000036	f	21	Mexico	Feb 19, 2007
user_000037	m		United States	Aug 13, 2007
user_000038	m	29	Russian Federation	Jul 6, 2006
user_000039	m	21	United Kingdom	Jun 4, 2006
user_000040	f	21	Germany	Apr 21, 2006
user_000041	m	30	Sweden	Jun 14, 2005
user_000042	f	24	United States	Dec 29, 2005
user_000043	f	26	United States	Mar 18, 2006
user_000044	f	21	Italy	Feb 27, 2007
user_000045	m	29	Chile	Jul 9, 2006
user_000046	m	24	Greece	Apr 23, 2007
user_000047	f	19	Croatia	Aug 26, 2006
user_000048	m	33	Italy	Dec 29, 2006
user_000049				Jan 11, 2006
user_000050	f	24	United Kingdom	Feb 10, 2006
user_000051	f	25	Brazil	Aug 10, 2006
user_000052	m	20	Russian Federation	Oct 16, 2006
user_000053	m	29	Germany	Nov 30, 2005
user_000054	m	28	Brazil	Nov 30, 2004
user_000055	m	21	Serbia	Aug 6, 2006
user_000056	m	22	United States	Jan 15, 2006
user_000057	m	17	United Kingdom	Aug 27, 2006
user_000058	f	24	Poland	Feb 28, 2006
user_000059	f	24	United States	Sep 9, 2005
user_000060	f	22	United States	Oct 11, 2005
user_000061				Apr 29, 2007
user_000062		26	Turkey	Mar 11, 2005
user_000063	f	22	Poland	Sep 25, 2005
user_000064	m	21	Finland	Dec 19, 2005
user_000065	m	35	United States	Oct 23, 2005
user_000066	f	20	United States	May 9, 2006
user_000067	m	36	Canada	Mar 8, 2005
user_000068				Oct 16, 2009
user_000069	m	23	United States	Jul 13, 2005
user_000070	f		Sweden	Dec 8, 2005
user_000071	m	7	Netherlands	Dec 13, 2005
user_000072	f	25	Armenia	Nov 22, 2006
user_000073	m	34	United Kingdom	May 31, 2007
user_000074	m	35	Turkey	Jun 9, 2005
user_000075	f	20	Romania	Jun 4, 2006
user_000076	m	38	Germany	Nov 26, 2005
user_000077				Apr 24, 2006
user_000078	f	27	Poland	Oct 10, 2005
user_000079	f		United States	Apr 2, 2006
user_000080				Aug 28, 2006
user_000081	f	34	United States	Jul 18, 2006
user_000082	f	20	Poland	Jan 29, 2006
user_000083	f	19	Bulgaria	May 24, 2007
user_000084	m	18	Venezuela	Dec 4, 2005
user_000085	f	18	Croatia	May 14, 2007
user_000086	f	27		Sep 21, 2007
user_000087	f	18	Poland	Oct 5, 2006
user_000088	m	25	Turkey	Mar 13, 2005
user_000089	f	27	United States	Dec 25, 2005
user_000090	m	20	Sweden	Aug 20, 2005
user_000091	f	27	United Kingdom	Mar 18, 2007
user_000092	m	30	Turkey	Nov 10, 2005
user_000093	m	20	United Kingdom	Dec 6, 2005
user_000094	m	22	Poland	Mar 2, 2007
user_000095	f	4		Jan 27, 2006
user_000096	f	25	Finland	Feb 20, 2006
user_000097	m		United Kingdom	Apr 6, 2005
user_000098	f		New Zealand	Feb 3, 2007
user_000099	f	22	Brazil	Jun 17, 2006
user_000100	m	21	United Kingdom	Jun 4, 2007
user_000101	m	29	United Kingdom	Oct 6, 2006
user_000102	m		United States	Dec 27, 2006
user_000103	m	34	United Kingdom	Feb 12, 2006
user_000104			Norway	Apr 24, 2005
user_000105	m	23	Turkey	Mar 24, 2006
user_000106	f	31	New Zealand	Nov 22, 2006
user_000107	m	15	Poland	Feb 1, 2006
user_000108	m	23	Latvia	Feb 23, 2006
user_000109	m	18	Canada	Mar 22, 2006
user_000110	m	22	Poland	Apr 30, 2007
user_000111	f	22	Sweden	Feb 17, 2006
user_000112	f	30	Turkey	Mar 25, 2006
user_000113	f	22	Italy	Mar 19, 2006
user_000114	f	28	Turkey	Jan 28, 2007
user_000115	f		Italy	Jan 14, 2006
user_000116	f	24	Spain	Dec 9, 2006
user_000117	m	21	United Kingdom	Aug 27, 2005
user_000118	f	19	United States	Apr 18, 2005
user_000119	f	21	Finland	Dec 23, 2005
user_000120	f	23	United States	Mar 7, 2005
user_000121	f		United Kingdom	Oct 14, 2005
user_000122	f	22	United States	Apr 23, 2006
user_000123	m	26	United States	Feb 5, 2006
user_000124	m	36	United States	Jul 24, 2005
user_000125	f	20	Canada	Jun 12, 2005
user_000126	f			Aug 3, 2006
user_000127	m	19	Estonia	Mar 3, 2006
user_000128	m	23	United States	Feb 5, 2006
user_000129				
user_000130	f	21	United States	Nov 15, 2006
user_000131	f	21	United States Minor Outlying Islands	Feb 18, 2006
user_000132	m	28	Norway	Aug 20, 2005
user_000133				Jul 6, 2005
user_000134	m	30	Chile	Oct 17, 2005
user_000135	m		Czech Republic	Aug 30, 2006
user_000136		26	United States	Aug 20, 2005
user_000137	m	19	Chile	Dec 1, 2006
user_000138	m	22	United States	Dec 19, 2004
user_000139	m		Antarctica	Oct 4, 2005
user_000140	m	33	United Kingdom	Mar 25, 2003
user_000141	f	21	Trinidad and Tobago	Dec 19, 2005
user_000142			Norway	Oct 14, 2004
user_000143	m	21	Mexico	Feb 23, 2006
user_000144	f	19	Norway	Jan 24, 2005
user_000145	m		United States	May 21, 2007
user_000146				Apr 4, 2007
user_000147	m		United States	Dec 29, 2005
user_000148	f	25	United States	May 2, 2006
user_000149	m	26	United States	Feb 2, 2006
user_000150	f	24	Canada	May 1, 2006
user_000151	m	23	Norway	Mar 25, 2006
user_000152	m	26	Finland	Oct 18, 2004
user_000153	m	33		Jan 24, 2005
user_000154	f		Norway	Mar 17, 2006
user_000155	m		Venezuela	Jul 11, 2006
user_000156	m	23	Portugal	Feb 15, 2006
user_000157	m	19	United States	Dec 27, 2005
user_000158	f		United States	Mar 23, 2006
user_000159	m	20	United Kingdom	Jun 20, 2005
user_000160	m	19	United Kingdom	Jun 23, 2006
user_000161		26	Netherlands	May 25, 2005
user_000162	f	48	Switzerland	Jan 3, 2005
user_000163	m	24	Spain	Nov 4, 2006
user_000164	f	32	United States	Jun 16, 2006
user_000165	f	28	Norway	Nov 9, 2005
user_000166	f	22	Greece	Sep 4, 2006
user_000167	m	28	Australia	Dec 5, 2005
user_000168	m	32	United Kingdom	Apr 18, 2004
user_000169	m	17	Canada	Jun 20, 2006
user_000170	f	29	Canada	Apr 27, 2005
user_000171				Oct 29, 2002
user_000172	m	32	United States	May 19, 2006
user_000173	f	21	Italy	Mar 6, 2006
user_000174				
user_000175	f	28	United Kingdom	Jun 7, 2006
user_000176	f	24	Nicaragua	Jun 18, 2006
user_000177	m	42	Brazil	May 25, 2007
user_000178	m		United Kingdom	Jun 8, 2005
user_000179	m	28	United Kingdom	Feb 22, 2005
user_000180	m	20	Ireland	Oct 26, 2005
user_000181	f	19	United States	Dec 3, 2005
user_000182	f	22	Belgium	Jul 12, 2005
user_000183	m			Dec 29, 2006
user_000184	f	23	Canada	Jun 3, 2006
user_000185	m	35	United Kingdom	Mar 10, 2005
user_000186	f		Australia	Aug 9, 2006
user_000187	m	18	United Kingdom	May 2, 2006
user_000188	m	23	Finland	May 27, 2005
user_000189	m	22	United States	Sep 10, 2004
user_000190	m	26	Italy	Feb 6, 2006
user_000191	m		United States	Jun 7, 2006
user_000192	f		Germany	Aug 11, 2007
user_000193	m	30	Peru	Oct 27, 2005
user_000194	f		Canada	Oct 8, 2005
user_000195	m	17	Poland	Jul 14, 2006
user_000196	m	22	Switzerland	Dec 27, 2004
user_000197	f	34	Sweden	Apr 18, 2006
user_000198	f	28	Poland	Jul 17, 2007
user_000199	m	22	United States	Mar 13, 2006
user_000200				Oct 20, 2006
user_000201	m	21	Australia	Oct 4, 2005
user_000202	m	29	Netherlands	Sep 17, 2006
user_000203	f		Brazil	Mar 15, 2006
user_000204	f	22	Turkey	May 20, 2007
user_000205	m	26	Mexico	Aug 7, 2006
user_000206	f	27	Turkey	Sep 25, 2005
user_000207	m	29	Portugal	May 29, 2006
user_000208	m	21	Switzerland	Jun 17, 2006
user_000209	f	27	Mexico	Oct 12, 2006
user_000210	m	42	United Kingdom	Feb 12, 2004
user_000211	m	24	Canada	Aug 11, 2004
user_000212	m	21	Romania	Oct 2, 2006
user_000213	f	55	United Kingdom	May 26, 2005
user_000214		103	Korea, Democratic People's Republic of	Feb 4, 2007
user_000215	m	16	Australia	Feb 22, 2006
user_000216	f			Jan 21, 2007
user_000217	m	23	United States	Aug 2, 2004
user_000218	m		Switzerland	Sep 19, 2007
user_000219	m	34	United States	Nov 8, 2005
user_000220	f			Jul 27, 2006
user_000221	m	21	United States	Dec 19, 2006
user_000222	f	23	Trinidad and Tobago	Aug 10, 2005
user_000223	m	27	Sweden	Jan 31, 2006
user_000224	f		Congo, the Democratic Republic of the	Jan 15, 2006
user_000225	f		Poland	Apr 30, 2007
user_000226	m	30	Serbia	Nov 11, 2005
user_000227	m		Belgium	Oct 7, 2006
user_000228	m	22	Brazil	Oct 26, 2005
user_000229				Jan 5, 2005
user_000230	f	18	Australia	May 7, 2006
user_000231				Aug 9, 2006
user_000232	m		Poland	Aug 14, 2006
user_000233	m	25	United States	Jul 20, 2005
user_000234	f	20	United States	May 27, 2005
user_000235		29	United States	Nov 28, 2004
user_000236	f	23	United States	Jul 12, 2005
user_000237	f	19	United Kingdom	Apr 8, 2006
user_000238	f	22	Spain	May 8, 2006
user_000239	m	21	Czech Republic	Dec 2, 2005
user_000240			United Kingdom	Apr 19, 2004
user_000241	m	39	United Kingdom	Mar 20, 2007
user_000242	m	23	Spain	Feb 7, 2006
user_000243	f	23	Russian Federation	Feb 17, 2007
user_000244	m	32	United States	Jun 5, 2005
user_000245	m		United Kingdom	Jan 12, 2006
user_000246	m	22	United Kingdom	Sep 2, 2007
user_000247	m	19	Finland	Aug 11, 2006
user_000248	m	26	United Kingdom	Nov 4, 2003
user_000249	m	25	United States	Dec 16, 2005
user_000250	m	21	Canada	Jun 30, 2006
user_000251	f	24	Poland	May 1, 2006
user_000252	m	31	Argentina	Aug 25, 2004
user_000253	f	22	United States	Feb 26, 2006
user_000254	f	20	Italy	Sep 4, 2006
user_000255	m	36	United States	Dec 12, 2005
user_000256	m	23	Germany	Jan 21, 2007
user_000257	f	18	United States	May 26, 2007
user_000258	f	75	United States	Jun 21, 2006
user_000259	f	21	Russian Federation	Jun 24, 2006
user_000260	m	31	Norway	Apr 15, 2005
user_000261		20	Norway	Jun 19, 2005
user_000262	m	19	United States	Dec 10, 2005
user_000263	f	29	United Kingdom	Aug 14, 2006
user_000264	m	25	France	Jun 1, 2005
user_000265	f	21	Poland	Jul 4, 2007
user_000266	f	28	United Kingdom	Aug 18, 2005
user_000267	m	30	British Indian Ocean Territory	Oct 11, 2005
user_000268	m	29	United Kingdom	Mar 28, 2006
user_000269	f	28	Spain	Sep 17, 2005
user_000270	f	20	United States	Jan 3, 2006
user_000271	m	21	Sweden	Dec 11, 2005
user_000272			United States	May 29, 2007
user_000273	f	19	United States	Mar 23, 2005
user_000274	m		Mexico	Feb 12, 2006
user_000275	f		Spain	Jul 1, 2007
user_000276	m	25	Hungary	Dec 2, 2005
user_000277	f	25	New Zealand	Dec 4, 2005
user_000278	f	20	United States	Jul 30, 2005
user_000279	f		United States	Nov 5, 2005
user_000280		32	United Kingdom	Sep 14, 2005
user_000281	m		Norway	Apr 11, 2005
user_000282	m	49	Sweden	Mar 16, 2006
user_000284	m	22	Turkey	Jun 21, 2006
user_000285	f	23	United States	Dec 7, 2004
user_000286	m		United States	Oct 18, 2004
user_000288	m		Netherlands	Mar 22, 2006
user_000289	f	20	Thailand	Jul 31, 2007
user_000290	m		United States	Aug 12, 2005
user_000291	m	30	France	Aug 9, 2006
user_000292	f	19	Netherlands	Jun 5, 2007
user_000293		39	United Kingdom	Jan 31, 2005
user_000294	f	22	Czech Republic	Jan 14, 2006
user_000295	f	21	Italy	Jun 13, 2007
user_000296	m	26	Poland	Jan 29, 2006
user_000297	f	21	Spain	Jun 1, 2007
user_000298	m	28	Argentina	Jan 26, 2005
user_000299	f	29	United States	Jul 21, 2006
user_000300	f	18	United States	Nov 27, 2005
user_000301	m	20	Netherlands	Jun 3, 2006
user_000302	m	24		Sep 10, 2005
user_000303	f	22	Slovakia	Mar 18, 2006
user_000304	f	22	United Kingdom	Feb 5, 2005
user_000305	m	21	Sweden	Apr 19, 2006
user_000306	m	25	Turkey	Jun 6, 2005
user_000307	m			Oct 16, 2006
user_000308	f	21	Norway	Mar 3, 2006
user_000309	m	21	United States	Nov 4, 2005
user_000310	m	22	United States	Jun 13, 2005
user_000311	m	23	Canada	Apr 18, 2005
user_000312	m	40	France	Apr 13, 2006
user_000313	m	33	United States	Jul 30, 2005
user_000314	m	21	United States	Dec 19, 2006
user_000315				Feb 9, 2007
user_000316	m	20	Belgium	Jun 25, 2006
user_000317	m	34	Hungary	Jan 19, 2007
user_000318	m	26	Sweden	Jul 2, 2006
user_000319	f	21	Brazil	May 22, 2005
user_000320	m	27	France	Jan 10, 2007
user_000321	f	18	Poland	Aug 15, 2006
user_000322	m	38	United Kingdom	Oct 1, 2006
user_000323	f	24	United States	Aug 21, 2005
user_000324	m	28	Canada	Jun 7, 2007
user_000325	f	21	Finland	Oct 26, 2005
user_000326	m	33	Turkey	Nov 8, 2005
user_000327	f	19	United Kingdom	May 7, 2006
user_000328	m	3	United States	Apr 24, 2006
user_000329	m	21	Belgium	Nov 16, 2006
user_000330	f	21		Jun 1, 2006
user_000331	m	35	United Kingdom	May 31, 2005
user_000332	m	36	United States	Jan 23, 2007
user_000333				Aug 30, 2006
user_000334	m	26	United Kingdom	Feb 22, 2005
user_000335	m		Italy	Mar 21, 2006
user_000336	f	18	United States	Jun 12, 2006
user_000337	f	31	United States	Aug 2, 2005
user_000338	f	28	Poland	Apr 16, 2005
user_000339	m	32	Norway	Jan 13, 2005
user_000340	m	22	Brazil	Apr 16, 2007
user_000341				Jun 4, 2009
user_000342			Venezuela	Aug 7, 2006
user_000343	f	26		Jun 1, 2006
user_000344	m	25	Turkey	Dec 6, 2005
user_000345	f		United States	May 29, 2005
user_000346	f	17	Croatia	Apr 30, 2007
user_000347	m			Nov 24, 2006
user_000348	m	24	Finland	Jan 4, 2005
user_000349	m	23	Brazil	Jul 1, 2005
user_000350	m	21	Poland	Dec 16, 2005
user_000351	m	24	Norway	Dec 7, 2006
user_000352		33	Norway	Dec 16, 2004
user_000353				
user_000354	m	34	United Kingdom	Dec 22, 2004
user_000355	m	29	Argentina	Jun 2, 2006
user_000356	m	27	Turkey	Jun 6, 2005
user_000357	f		United States	Aug 17, 2005
user_000358	f		Macedonia	Jul 23, 2006
user_000359	m	31	United States	Aug 21, 2005
user_000360		22	Sweden	Mar 10, 2005
user_000361	f	26	Poland	Jan 16, 2007
user_000362	m		Germany	Aug 1, 2006
user_000363			Slovenia	May 21, 2007
user_000364	f	29	Norway	Mar 16, 2006
user_000366	m	24	Finland	Dec 12, 2004
user_000367				Jan 6, 2006
user_000368	m		United Kingdom	Nov 4, 2003
user_000369	f		Australia	May 1, 2004
user_000370	m		Germany	May 6, 2006
user_000371	m		Algeria	Jul 13, 2005
user_000372	m		Singapore	Jan 4, 2007
user_000373	m		Canada	Apr 5, 2006
user_000374	f		Norway	Mar 8, 2006
user_000375			United Kingdom	Sep 21, 2005
user_000376	f		Germany	Aug 13, 2005
user_000377	m		Portugal	Dec 6, 2005
user_000378	m		United Kingdom	Oct 5, 2005
user_000379	m		United Kingdom	Feb 2, 2005
user_000380			Sweden	Jun 20, 2005
user_000381	m		Turkey	Sep 24, 2005
user_000382	m		United States	Mar 19, 2005
user_000383			Zimbabwe	Aug 31, 2006
user_000384	m		United Kingdom	Sep 28, 2004
user_000385	m		Latvia	Apr 28, 2006
user_000386	f		Poland	Jun 7, 2006
user_000387	m		United Kingdom	Jul 21, 2005
user_000388	m		United States	Feb 19, 2006
user_000389	f		United States	Oct 20, 2005
user_000390				Oct 1, 2005
user_000391	f		Germany	Oct 22, 2004
user_000392	m		Spain	Jun 8, 2006
user_000393	m		United States	Feb 7, 2007
user_000394	m		United States	Jun 21, 2006
user_000395	m		Spain	May 16, 2007
user_000396	f		Japan	May 10, 2006
user_000397	f		United States	Feb 16, 2006
user_000398	m		France	Nov 21, 2006
user_000399	m		United Kingdom	Sep 12, 2005
user_000400	m		United States	Feb 26, 2006
user_000401	m		France	May 10, 2006
user_000402	f		Serbia	Jun 5, 2006
user_000403	f		United States	May 17, 2006
user_000404	m		United States	Apr 9, 2006
user_000405	f		Australia	Sep 22, 2005
user_000406	m		France	Feb 2, 2006
user_000407	m		United Kingdom	Apr 26, 2004
user_000408	m		United States	Jul 19, 2007
user_000409	m		Portugal	Mar 8, 2006
user_000410	m		United States	Feb 22, 2006
user_000411	m		Venezuela	Aug 8, 2006
user_000412	f		United Kingdom	Sep 30, 2005
user_000413	f		United States	Sep 12, 2006
user_000414	m		United Kingdom	Apr 5, 2004
user_000415	m		United Kingdom	Aug 5, 2006
user_000416				Feb 12, 2005
user_000417	m		United Kingdom	Apr 30, 2006
user_000418	m		China	Jan 13, 2007
user_000419	f		United Kingdom	Nov 23, 2006
user_000420				Aug 17, 2004
user_000421	m		United States	Apr 22, 2006
user_000422	f		Finland	Mar 23, 2006
user_000423			Netherlands	Apr 1, 2006
user_000424	m		Netherlands	Oct 8, 2006
user_000425	m		Finland	Jan 12, 2005
user_000426	m		Australia	Jul 8, 2006
user_000427	m		United States	Jan 4, 2004
user_000429			Turkey	Jan 15, 2006
user_000430				May 18, 2006
user_000431	m		Poland	Aug 28, 2006
user_000432	m		Spain	Nov 26, 2006
user_000433	f		United States	Jan 24, 2006
user_000434	f		United States	Jun 16, 2006
user_000435	f		Poland	Oct 18, 2007
user_000436	f		Poland	Jan 19, 2006
user_000437	f		Russian Federation	Jan 11, 2006
user_000438	f		United States	Sep 17, 2006
user_000439	f		United Kingdom	Sep 8, 2006
user_000440	f		Malta	Feb 4, 2006
user_000441	m		United States	Mar 16, 2005
user_000442	f		France	Dec 24, 2005
user_000443	f		Canada	Feb 8, 2006
user_000444	f		Germany	Dec 12, 2005
user_000445			Finland	Dec 5, 2006
user_000446	f		United States	Apr 21, 2005
user_000447				Sep 5, 2007
user_000448	f		United Kingdom	Feb 4, 2006
user_000449	m		United States	Feb 11, 2007
user_000450	m		United States	Dec 7, 2004
user_000451	m		United Kingdom	Aug 30, 2004
user_000452				Nov 11, 2005
user_000453	m		Finland	Oct 17, 2005
user_000454	f		Poland	Jul 18, 2007
user_000455	m			Sep 1, 2003
user_000456	m		Russian Federation	Jul 27, 2006
user_000457	m		Brazil	Jun 13, 2006
user_000458	f		Argentina	Feb 1, 2006
user_000459			Hungary	Aug 14, 2004
user_000460	f		Canada	Sep 27, 2005
user_000461	m		Germany	Dec 16, 2005
user_000462	f		United States	Feb 7, 2007
user_000463	m		United States	Mar 19, 2006
user_000464	f		United States	Apr 19, 2006
user_000465	f		Russian Federation	Oct 24, 2006
user_000467	f		Germany	Apr 29, 2006
user_000468	m		Brazil	Sep 25, 2006
user_000469	f		Italy	Sep 6, 2006
user_000471			Poland	Nov 17, 2006
user_000472	f		United Kingdom	Mar 10, 2005
user_000473	f		Italy	Apr 19, 2006
user_000474	f			May 23, 2007
user_000475	f		United States	Nov 15, 2004
user_000476	f		Brazil	Jun 2, 2006
user_000477	m		United States	Feb 9, 2005
user_000478	m		United States	Jan 4, 2006
user_000479	m		United States	Feb 11, 2005
user_000480	f		United States	Jul 20, 2005
user_000481	m		United States	Aug 16, 2005
user_000482	f		Russian Federation	Mar 12, 2006
user_000483			United States	May 23, 2005
user_000484	m		Italy	Dec 20, 2006
user_000485	m		United Kingdom	Aug 7, 2006
user_000486	m		United Kingdom	Sep 6, 2005
user_000487	m		Netherlands	Mar 8, 2006
user_000488	m		Peru	Dec 19, 2006
user_000489	m		Germany	Mar 25, 2006
user_000490	m		Italy	May 23, 2006
user_000491	f		United States	Jan 28, 2006
user_000492	f		Thailand	Jul 4, 2007
user_000493	m		United States	Dec 10, 2005
user_000494	m		United Kingdom	Jun 16, 2006
user_000495	m		Australia	Dec 4, 2004
user_000496	m		Romania	Jul 26, 2005
user_000497	f		United States	Feb 16, 2008
user_000498	f		Poland	Jun 23, 2007
user_000499	f			Jul 5, 2006
user_000500			United States	Sep 23, 2007
user_000501	f		United States	Mar 13, 2006
user_000502	f		United States	Jan 22, 2006
user_000503	f		Austria	Dec 3, 2005
user_000504			United States	Dec 3, 2004
user_000505	f			Nov 12, 2006
user_000506	f			Jan 9, 2006
user_000507	m		Italy	Aug 17, 2006
user_000508	m		United Kingdom	Oct 26, 2006
user_000509			United Kingdom	Sep 18, 2005
user_000510	m		Germany	Mar 5, 2006
user_000511	f		United States	Dec 14, 2005
user_000512	f		United Kingdom	Feb 2, 2005
user_000513			United Kingdom	Jan 5, 2005
user_000514	m		United Kingdom	Jul 12, 2005
user_000515	m		Netherlands	Mar 30, 2006
user_000516	m		Austria	Jul 25, 2007
user_000517	f		Italy	Feb 24, 2006
user_000518	f		United Kingdom	Feb 13, 2006
user_000519	m		France	Nov 2, 2006
user_000520	m		Venezuela	Aug 24, 2005
user_000521	f		Germany	Jun 28, 2007
user_000522	f		Norway	Nov 9, 2005
user_000523	f		Mexico	Apr 29, 2007
user_000524	f		United Kingdom	Jul 19, 2007
user_000525				Dec 14, 2004
user_000526	f		United States	Dec 3, 2005
user_000527	f		Chile	Nov 1, 2006
user_000528	f			Apr 14, 2007
user_000529	m		United States	May 5, 2006
user_000530	m		Russian Federation	Aug 29, 2006
user_000531	f		Bulgaria	Jul 6, 2006
user_000532	m		Netherlands	Dec 1, 2006
user_000533	m	27	Japan	Nov 5, 2009
user_000534	f		Sweden	Sep 7, 2004
user_000535	m		Turkey	Dec 16, 2004
user_000536	m		Spain	Jun 7, 2005
user_000537			Poland	Aug 8, 2007
user_000538	f		Portugal	Apr 17, 2007
user_000539	m		Venezuela	Aug 23, 2006
user_000540	f		Spain	May 24, 2007
user_000541	f		United Kingdom	Nov 15, 2006
user_000542	f		Mexico	Jan 18, 2006
user_000543	m		United Kingdom	Oct 28, 2004
user_000544	f		United States	Jul 17, 2006
user_000545	m		Argentina	Jun 13, 2006
user_000546	f		Germany	Jul 24, 2006
user_000547	m		United States	Jul 20, 2005
user_000548	m		United States	Mar 30, 2007
user_000549	m		Australia	Jan 28, 2006
user_000550	m		United Kingdom	Jun 16, 2005
user_000551	m		Australia	Apr 27, 2007
user_000552	m		Chile	Dec 3, 2006
user_000553	m		Italy	Aug 19, 2005
user_000554	m		United Kingdom	Mar 16, 2006
user_000555	f		Spain	Oct 14, 2005
user_000556			Netherlands	May 12, 2006
user_000557	f		United States	Mar 6, 2005
user_000558	f		United States	May 20, 2003
user_000559	f		United States	Aug 24, 2006
user_000560	f		United States	Nov 30, 2006
user_000561	f			Mar 18, 2006
user_000562	m		United Kingdom	Dec 16, 2005
user_000563	m		Italy	Dec 27, 2006
user_000564	f		United States	Jan 17, 2006
user_000565	f		Germany	Feb 18, 2006
user_000566	f		Netherlands Antilles	Sep 26, 2006
user_000567	f		Germany	Feb 9, 2007
user_000568	m		Canada	Mar 3, 2006
user_000569	f		United States	May 31, 2005
user_000570	m		Brazil	Jun 27, 2005
user_000571	m		United States	Jul 18, 2005
user_000572	m		Israel	Oct 9, 2004
user_000573	f		Australia	Jun 20, 2006
user_000574	m		Poland	Feb 25, 2006
user_000575	m		United States	Jul 30, 2004
user_000576	m		United States	Nov 2, 2005
user_000577	m		Estonia	Mar 11, 2006
user_000578	m		Germany	Aug 27, 2003
user_000579	f		United Kingdom	Sep 24, 2007
user_000580	f		United Kingdom	Jul 26, 2005
user_000581	m		Turkey	Dec 20, 2005
user_000582	f		France	Mar 5, 2006
user_000583	f		Finland	Feb 28, 2006
user_000584	f		Canada	Apr 28, 2006
user_000585			United Kingdom	Apr 12, 2004
user_000586	f		United States	May 30, 2006
user_000587	m		United Kingdom	Jul 6, 2004
user_000588				
user_000589	f		Russian Federation	Mar 13, 2006
user_000590	f		Norway	Mar 9, 2006
user_000591	f		Canada	Sep 12, 2005
user_000592	m		United States	May 24, 2007
user_000593	f			Jun 29, 2006
user_000594	m		Netherlands	May 16, 2006
user_000595	m		Russian Federation	Mar 27, 2007
user_000596	m		United States	Feb 13, 2006
user_000597	m			Apr 20, 2006
user_000598	f		United States	Mar 1, 2006
user_000599			United Kingdom	Apr 21, 2003
user_000600	f		United States	Apr 28, 2006
user_000601	m		Poland	Jun 7, 2007
user_000602	m		Canada	Dec 4, 2005
user_000603	m		United Kingdom	Feb 25, 2006
user_000604	m		Canada	Aug 7, 2006
user_000605	m		United States	Oct 10, 2005
user_000606	f		Bulgaria	Jun 15, 2006
user_000607	m		Sweden	Apr 29, 2006
user_000608	f		Poland	May 21, 2005
user_000609	m		New Zealand	Nov 5, 2006
user_000610	m		Bulgaria	Jan 22, 2006
user_000611	m		Italy	Jan 9, 2007
user_000612	m		Finland	Mar 25, 2005
user_000613	f		Poland	Jan 21, 2007
user_000614	m		Germany	Dec 16, 2006
user_000615	f		Sweden	Jan 10, 2005
user_000616	f		Slovenia	May 31, 2006
user_000617	m		United Kingdom	Mar 15, 2006
user_000618	f		United States	Dec 19, 2006
user_000619			United Kingdom	May 1, 2004
user_000620	f		Finland	Jan 7, 2005
user_000621	f			Aug 24, 2006
user_000622				Jun 3, 2006
user_000623	m		Chile	Dec 9, 2006
user_000624	f		Norway	Mar 14, 2006
user_000625	m		Argentina	Mar 4, 2006
user_000626	f		Spain	Apr 16, 2006
user_000627	f		Russian Federation	Aug 13, 2007
user_000628	m		Slovakia	Apr 23, 2005
user_000629	m		Poland	Jan 26, 2007
user_000630	f		United States	May 22, 2005
user_000631	m		Finland	Oct 14, 2005
user_000632	m		United Kingdom	Feb 1, 2006
user_000633	f			Jan 17, 2006
user_000634	f		United States	Aug 14, 2005
user_000635	m		Serbia	Apr 11, 2005
user_000636	f		Bulgaria	Jun 20, 2006
user_000637	f		Poland	Feb 5, 2007
user_000638				Dec 19, 2006
user_000639	m		Mexico	Apr 27, 2005
user_000640	f		United States	Apr 6, 2006
user_000641	f		Sweden	Jan 13, 2006
user_000642	f		Canada	Apr 1, 2006
user_000643	m		France	Jul 15, 2006
user_000644	f		United States	Sep 11, 2005
user_000645	m		Hungary	Nov 12, 2006
user_000646	m		Peru	Dec 15, 2006
user_000647	m		United States	Mar 24, 2006
user_000648	f		Netherlands	Oct 18, 2005
user_000649	m		United States	Feb 8, 2007
user_000650	m		United States	Dec 16, 2007
user_000651	m		United States	Dec 17, 2007
user_000652	m		Germany	Aug 18, 2007
user_000653	m		Brazil	May 14, 2006
user_000654	m		Canada	Feb 22, 2006
user_000655	m		Portugal	Oct 9, 2006
user_000656	f		United States	Jan 29, 2006
user_000657	m		Sweden	Sep 30, 2005
user_000658	f		Latvia	Apr 11, 2007
user_000659			Belgium	Jan 27, 2005
user_000660	m		Croatia	Aug 12, 2007
user_000661	m		Netherlands	Sep 25, 2006
user_000662	f		United States	Jun 13, 2006
user_000664	m		Germany	Aug 15, 2005
user_000665	f		Czech Republic	Feb 28, 2006
user_000666	m		Poland	May 24, 2005
user_000667	f		United Kingdom	Mar 3, 2006
user_000668	f		United States	Nov 26, 2005
user_000669	m		Colombia	May 7, 2007
user_000670	f		Argentina	Feb 19, 2006
user_000671	m		Czech Republic	Jan 23, 2006
user_000672	m		United States	Apr 10, 2006
user_000673	m		Mexico	May 25, 2007
user_000674	f		Poland	Jun 6, 2007
user_000675	m		Poland	Jul 20, 2005
user_000676	m		Netherlands	Nov 15, 2006
user_000677	f		Netherlands	May 31, 2006
user_000678	m		United Kingdom	Dec 9, 2003
user_000679	f		United States	Apr 8, 2004
user_000680				May 23, 2005
user_000681	m		United States	Dec 20, 2004
user_000682	f		Norway	Aug 20, 2006
user_000683	f		United Kingdom	Apr 18, 2006
user_000684	m		Canada	Jun 11, 2005
user_000685	m		Norway	Oct 13, 2004
user_000686	f		United States	Feb 23, 2007
user_000687	f		United Kingdom	Mar 11, 2005
user_000688	f		United Kingdom	Apr 17, 2007
user_000689	m		United Kingdom	Oct 13, 2005
user_000690	m		United Kingdom	Jun 25, 2007
user_000691	m		United States	Jun 30, 2006
user_000692	f		Romania	Jul 6, 2006
user_000693	m		United States	Nov 21, 2005
user_000694	m		United Kingdom	Jun 7, 2005
user_000695	m		Australia	Aug 2, 2005
user_000696	f		Romania	Aug 30, 2006
user_000697	f		United States	May 8, 2006
user_000698				Aug 13, 2005
user_000699			Russian Federation	Mar 3, 2007
user_000700	m		Belarus	Feb 4, 2007
user_000701	m		United Kingdom	Apr 2, 2004
user_000702	m		Poland	Dec 2, 2006
user_000703	f		United States	Mar 13, 2006
user_000704	f		Australia	Apr 27, 2007
user_000705	f		India	Jun 3, 2006
user_000706	f		Romania	May 11, 2006
user_000707			Norway	Apr 12, 2005
user_000708				May 23, 2009
user_000709	m		Canada	Oct 2, 2004
user_000710	m		Estonia	Apr 24, 2007
user_000711	m		United States	Jan 21, 2006
user_000712	m		Poland	Mar 4, 2004
user_000713	f		Norway	Apr 21, 2005
user_000714	m		Colombia	Sep 23, 2006
user_000715	m		Australia	May 13, 2007
user_000716	f		Portugal	Mar 22, 2007
user_000717				Jul 13, 2007
user_000718	f			Feb 14, 2006
user_000719	m		Brazil	Oct 30, 2005
user_000720	f		Norway	Jun 29, 2007
user_000721	m		Poland	Apr 7, 2005
user_000722	m		Turkey	Apr 17, 2005
user_000723	f		United States	Jun 4, 2006
user_000724	m		United States	Feb 21, 2005
user_000725	f		Turkey	Aug 21, 2007
user_000726	m		Austria	Apr 7, 2006
user_000727	f		United States	Jul 21, 2005
user_000728	f		Finland	Mar 12, 2006
user_000729	m		Ireland	Oct 26, 2005
user_000730	m		Canada	May 10, 2006
user_000731	m		Tunisia	Nov 6, 2005
user_000732	f		Finland	Jan 3, 2005
user_000733	m		United Kingdom	Sep 29, 2003
user_000734				
user_000735			Norway	Dec 11, 2004
user_000736	m		Lithuania	Apr 8, 2007
user_000737	m		Germany	Jul 7, 2007
user_000738	m		Belgium	Aug 20, 2006
user_000739	m		Australia	May 25, 2006
user_000740	m		Italy	Jan 10, 2007
user_000741	m		United States	May 11, 2006
user_000742	m		Germany	Jun 10, 2007
user_000743	m		United Kingdom	Jul 17, 2005
user_000744	m		United States	Jan 21, 2004
user_000745	m			Jan 28, 2005
user_000746	m		Netherlands	Oct 29, 2006
user_000747	f		Poland	Apr 21, 2006
user_000748	m		Brazil	Apr 18, 2006
user_000749	f		Portugal	Jul 14, 2006
user_000750	m		Italy	Aug 27, 2006
user_000751	m		United States	Jun 14, 2005
user_000752	m		United States	Sep 17, 2004
user_000753				Dec 3, 2004
user_000754	m		United States	Jul 10, 2006
user_000755	m		United Kingdom	Dec 12, 2004
user_000756	m		United States	Jul 12, 2006
user_000757	f		United States	Mar 30, 2005
user_000758	f		United States	Feb 19, 2006
user_000759	f		Australia	Feb 26, 2006
user_000760			Lithuania	Mar 12, 2006
user_000761			Netherlands	Nov 30, 2006
user_000762	f		United Kingdom	Jul 4, 2005
user_000763				Sep 25, 2007
user_000764	m		United Kingdom	Feb 20, 2005
user_000765	f		Germany	Oct 26, 2005
user_000766	f		Norway	Sep 6, 2006
user_000767	m		United States	Jan 22, 2006
user_000768	m		Romania	Jun 4, 2007
user_000769	m		Japan	Nov 30, 2005
user_000770	f		United States	Oct 18, 2006
user_000771	f		Chile	Sep 4, 2006
user_000772	f		Canada	May 17, 2007
user_000773	m		United States	Dec 9, 2004
user_000774	m		United States	Aug 25, 2005
user_000775	m		Finland	Oct 9, 2007
user_000776	f		Italy	Jan 10, 2007
user_000777	m		Sweden	May 24, 2005
user_000778			United States	Jun 5, 2005
user_000779	f			Jul 28, 2004
user_000780	f		Lithuania	Jan 2, 2007
user_000781	f		United States	Dec 4, 2005
user_000782	f		United States	Sep 18, 2004
user_000783	m		United States	Feb 13, 2006
user_000784	f		Netherlands	Aug 14, 2005
user_000785				Oct 2, 2007
user_000786	m		Russian Federation	Sep 17, 2007
user_000787	f		United Kingdom	Feb 23, 2006
user_000788	m		Germany	Apr 12, 2005
user_000789	f		United States	Mar 28, 2005
user_000790	f			Feb 1, 2006
user_000791	m		United Kingdom	Sep 22, 2004
user_000792	m			Jan 30, 2005
user_000793	m		China	Apr 26, 2004
user_000794	f		Iceland	Mar 26, 2006
user_000795	f		United States	Jul 12, 2006
user_000796	f		Croatia	Mar 5, 2006
user_000797	f		Lithuania	Nov 4, 2006
user_000798	f		Finland	Jun 28, 2005
user_000799	m		Germany	Sep 26, 2004
user_000800			Russian Federation	Jul 17, 2005
user_000801				Apr 17, 2007
user_000802	f		United Kingdom	Jun 12, 2006
user_000803	m		Norway	Dec 9, 2005
user_000804	m		Norway	Dec 9, 2005
user_000805	m		Belgium	Aug 1, 2006
user_000806				
user_000807	m		United States	Jul 30, 2004
user_000808	m		Russian Federation	Dec 16, 2006
user_000809	m		Finland	Jun 8, 2005
user_000810	m		United Kingdom	Mar 5, 2006
user_000811	f		United States	Dec 6, 2005
user_000812			Belgium	Nov 12, 2006
user_000813	m		New Zealand	Jun 16, 2007
user_000814	m		Germany	May 20, 2006
user_000815	f		United Kingdom	Jul 10, 2006
user_000816	m		United Kingdom	Dec 13, 2005
user_000817	m		Mexico	Nov 12, 2006
user_000818	m		Finland	Jul 9, 2005
user_000819	m		United Kingdom	Feb 22, 2005
user_000820	m		Thailand	Feb 4, 2005
user_000821	f		France	Nov 26, 2005
user_000822				May 25, 2007
user_000823			Norway	Mar 22, 2007
user_000824	m		United Kingdom	Mar 5, 2006
user_000825	m		United Kingdom	Dec 15, 2005
user_000826	f		United States	Aug 7, 2007
user_000827	m		Switzerland	Nov 6, 2005
user_000828			Japan	May 24, 2005
user_000829	m		Peru	Feb 27, 2006
user_000830	m		Ireland	Dec 6, 2005
user_000831	m		United Kingdom	Dec 7, 2005
user_000832	f		United Kingdom	Aug 10, 2005
user_000833	f		United States	Feb 20, 2005
user_000834	f		Italy	Apr 7, 2006
user_000835	f		Australia	Jul 1, 2006
user_000836	m		Norway	Feb 8, 2006
user_000837	f		United States	May 31, 2005
user_000838	f		United Kingdom	May 17, 2006
user_000839	m		Greece	Feb 7, 2006
user_000840	f		Russian Federation	Jan 24, 2006
user_000841	m		Spain	Nov 5, 2005
user_000842	m		United States	Jul 18, 2005
user_000843	m		United States	Feb 25, 2007
user_000844			Norway	Apr 10, 2004
user_000845	f		Finland	Jun 5, 2006
user_000846	m		United Kingdom	Jan 4, 2007
user_000847	f		Germany	Dec 30, 2005
user_000848	f		Poland	Sep 12, 2005
user_000849	m		United Kingdom	Aug 20, 2006
user_000850				Jul 25, 2006
user_000851				Jan 6, 2005
user_000852	f		Trinidad and Tobago	Dec 22, 2005
user_000853	f		Morocco	Apr 21, 2007
user_000854	f		Norway	May 19, 2007
user_000855				Nov 3, 2006
user_000856	f			May 20, 2004
user_000857	f		United States	Jul 27, 2006
user_000858	m		United States	Nov 25, 2004
user_000859	m		Italy	Jan 9, 2006
user_000860	m		Turkey	Apr 1, 2006
user_000861	m		United States	Sep 10, 2005
user_000862	f		Italy	Feb 10, 2006
user_000863			United Kingdom	Oct 15, 2004
user_000864	m		Norway	Dec 10, 2005
user_000865	f		Croatia	May 31, 2007
user_000866	f		United States	Oct 7, 2005
user_000867	f		United States	Feb 7, 2006
user_000868	m		United States	Jun 15, 2006
user_000869	m		France	May 23, 2007
user_000870	m		United Kingdom	Mar 10, 2003
user_000871			Argentina	Feb 3, 2005
user_000872	f		Brazil	Jan 31, 2008
user_000873	m		United Kingdom	Mar 5, 2004
user_000874	m			Apr 3, 2006
user_000875	f		Slovakia	Mar 9, 2006
user_000876	f		Brazil	Dec 3, 2006
user_000877	m			Jan 9, 2005
user_000878	f		United States	Dec 1, 2005
user_000879	f		United States	Dec 31, 2006
user_000880				Nov 5, 2006
user_000881	m		United States	Mar 18, 2006
user_000882	m		United States	Apr 29, 2004
user_000883	m		Spain	Oct 6, 2005
user_000884	m		Poland	May 2, 2007
user_000885	m		United States	Jun 8, 2005
user_000886	m		Finland	Nov 3, 2006
user_000887	f		United States	Feb 14, 2005
user_000888	m		Norway	Feb 28, 2005
user_000889	m		Sweden	Apr 26, 2006
user_000890	m		United States	Dec 6, 2005
user_000891	f		Italy	Feb 9, 2007
user_000892			United States	Sep 1, 2006
user_000893	m		United States	Mar 29, 2006
user_000894	m		Colombia	Dec 2, 2005
user_000895	m		Canada	Feb 2, 2006
user_000896	m		United States	Apr 2, 2003
user_000897				Feb 18, 2007
user_000898	m		United States	Nov 28, 2003
user_000899	m		Canada	Oct 7, 2005
user_000900	f		Poland	Mar 17, 2006
user_000901	f		Argentina	May 9, 2006
user_000902	f			Feb 3, 2006
user_000903	m		Belgium	Dec 18, 2006
user_000904	m		United States	Dec 15, 2006
user_000905	m		Brazil	Apr 18, 2006
user_000906	m		Germany	Jan 12, 2006
user_000907	f		Poland	Jan 26, 2007
user_000908	m		Germany	Apr 5, 2005
user_000909	m		Sweden	Apr 29, 2005
user_000910	m		United States	Sep 26, 2004
user_000911	m		United States	Jul 9, 2005
user_000912	m		United Kingdom	Jan 8, 2006
user_000913	m		United States	Aug 26, 2004
user_000914			United States	Jan 29, 2005
user_000915			Finland	Dec 15, 2004
user_000916	f		Trinidad and Tobago	Mar 7, 2006
user_000917	m		United States	Mar 14, 2006
user_000918	m			May 15, 2006
user_000919	m		United States	May 31, 2007
user_000920	f		United States	Sep 14, 2005
user_000921	m		Russian Federation	May 23, 2006
user_000922	m		United Kingdom	May 21, 2004
user_000923	m		United Kingdom	Jan 28, 2005
user_000924	f		United States	May 30, 2005
user_000925	f		Norway	Mar 6, 2006
user_000926	f		Turkey	Sep 27, 2006
user_000927	m		Poland	Aug 29, 2006
user_000928	m		United States	Aug 11, 2005
user_000929	m		Turkey	Nov 21, 2004
user_000930	f			Jun 14, 2007
user_000931	m		Italy	Feb 19, 2007
user_000932	f		Poland	Jun 2, 2007
user_000933	m		Turkey	May 3, 2006
user_000934	m		Northern Mariana Islands	May 13, 2006
user_000935	f		Finland	Oct 24, 2004
user_000936	f		Finland	Jul 3, 2005
user_000937	f		United Kingdom	Jun 30, 2007
user_000938	m		United States	Sep 29, 2004
user_000939	f		Canada	Dec 19, 2005
user_000940	m		United Kingdom	Jan 4, 2007
user_000941	m		Spain	Dec 16, 2006
user_000942	m		Germany	Sep 5, 2004
user_000943	m		Sweden	Oct 9, 2005
user_000944	m		Ireland	Jul 18, 2006
user_000945	f		United Kingdom	May 27, 2006
user_000946			Netherlands	Apr 11, 2006
user_000947	m		Australia	Sep 18, 2006
user_000948	m		United States	Apr 23, 2006
user_000949	f		United States	May 30, 2005
user_000950			Chile	Jan 13, 2007
user_000951	f		Netherlands	Feb 28, 2006
user_000952	f		Estonia	May 31, 2006
user_000953	m		United Kingdom	Aug 15, 2007
user_000954	m		Germany	Dec 4, 2005
user_000955	f		France	Jun 8, 2006
user_000956	f		Poland	Sep 25, 2007
user_000957	m		Finland	Mar 29, 2005
user_000958	m		Mexico	Aug 26, 2005
user_000959	m		United States	Jun 3, 2006
user_000960	m		United States	Jul 9, 2007
user_000961	m		United States	Apr 7, 2003
user_000962	m		United States	Apr 3, 2004
user_000963				Apr 19, 2004
user_000964	m		China	Oct 27, 2006
user_000965	m		Netherlands	Jul 20, 2007
user_000966			United States	May 20, 2004
user_000967	f		Bosnia and Herzegovina	Jan 12, 2006
user_000968	m		Germany	Nov 8, 2005
user_000969	m		Russian Federation	Dec 18, 2006
user_000970	m		New Zealand	Feb 6, 2006
user_000971	f		United States	Jan 12, 2005
user_000972	f		Russian Federation	Nov 13, 2006
user_000973	m		Russian Federation	Feb 23, 2007
user_000974	f		United States	Apr 29, 2006
user_000975				Mar 23, 2006
user_000976				
user_000977	m		United Kingdom	Mar 7, 2006
user_000978	m		Turkey	Aug 24, 2005
user_000979	f		Turkey	Apr 25, 2007
user_000980	f		United Kingdom	Jun 16, 2007
user_000981	f		Croatia	Mar 29, 2006
user_000982	f		Turkey	Oct 28, 2006
user_000983	f		Canada	Nov 5, 2004
user_000984	f		United States	Jul 2, 2005
user_000985	f		Australia	May 22, 2006
user_000986	m		Sweden	Apr 12, 2005
user_000987	f		United States	Oct 30, 2006
user_000989	f		Canada	Nov 30, 2005
user_000990	f		Bulgaria	Sep 15, 2005
user_000991	f		Finland	Jan 29, 2006
user_000992	m		Sweden	Nov 22, 2006
user_000993	m		Finland	Sep 6, 2006
user_000994	m			Apr 18, 2006
user_000995	f		Australia	Jan 22, 2006
user_000996	f		United States	Jul 17, 2006
user_000997	m		United States	Jan 5, 2007
user_000998	m		United Kingdom	Sep 28, 2005
user_000999	f		Poland	Jul 24, 2007
user_001000	m		United States	Mar 24, 2007
